"id","text","createTimeISO","diggCount","shareCount","playCount","collectCount","commentCount","transcription_text","transcription_language"
"7556144477937732871","Psychology of Starbucks Planner!","2025-10-01T06:59:50.000Z",4954,979,183800,547,143," You must first understand the term DEI. To blame DEI for your problems. What does DEI stand for? Don Erika Navanka? Not quite. DEI stands for diversity, equity, and inclusion. Diversity, representation of different backgrounds. Equity, fair access and opportunities, and inclusion, creating a welcoming environment where all voices matter. Let's see how DEI benefits your daily life. One example of DEI is the electoral college. This system balances representation by giving smaller populated states a proportionally larger influence on the presidential election. Basically DEI. You now know what DEI means and how it can't cause planes to fall out of the sky.","en"
"7563990578912939282","ùêåùêÜùêÄ ùêÅùêîùêñùêàùêí ùêçùêÄ ùêÅùêàùêçùêÄùêÅùêÄùêòùêÄùêëùêÄùêç ùêçùêÄùêìùêàùêçùêÜ ùêåùêÜùêÄ ùêèùêàùêãùêàùêèùêàùêçùêéüáµüá≠

From the moment we start earning, buying, or even inheriting, taxes are part of our lifetime journey.

Every time we pay taxes, may halong bigat lalo na kung hindi natin naiintindihan saan napupunta ang perang pinaghirapan natin. Pero the truth is‚Ä¶ taxes are not meant to burden us. They‚Äôre meant to build the country we live in.
.
Kung ikaw ang tatanungin.....SULIT BA???","2025-10-22T10:26:39.000Z",6274,2013,100000,1541,351," Let me try to explain DI for people who don't understand DI, who don't like it. So to them, they think that all DI needs is that there's an unqualified woman on unqualified personal color who's given a job or permission promotion and they don't deserve it. When sexuality, all that says is that instead of doing word-of-mouth recruitment, instead of just hiring the usual suspects, we're going to look beyond and find qualified, talented people outside the usual suspects. That's all that means. The people they hired are qualified. It's kind of like, is if you went into a town and they, you never got the contract because you were new to the town and then when they say, you know what, let's let people aren't new to the town have opportunities. And you finally get your big shot and you know your quality of work is better than the people who are in the town who always get the, the, the, the beds and because they decide to look beyond the usual suspects, you get a bit. That's all DI is. There's a minute you're not qualified. It just means someone opened up the door to give you an opportunity and chance. That's all it is. Got it? Good.","en"
"7545153484023287062","Il risveglio degli deiü§ç üèõÔ∏è #perte #valledeitempli #foryou #agrigento ","2025-09-01T16:09:07.000Z",355100,16300,1900000,34800,1346," is a black person. It is offensive. The idea that I've gotten anywhere that I am based on anything other than hard work, merit, and actual qualifications and receipts is offensive. And I think that Democrats, when they're pushing this DEI, they don't know how offensive it is to qualified black Americans.","en"
"7565511945260928311","Things keep getting worse and worse for @target. #target #boycotttarget #boycott #dei #diversity  ","2025-10-26T12:51:11.000Z",298,15,3787,9,38," What do you think DEI is? There are minority groups like women, people of color, that have the merit to get these jobs, but aren't being chosen because they're of minority status. And the point of DEI programs is to ensure that people that deserve these jobs, but maybe over looked because of their minority status are looked at and evaluated the same way that other candidates are. In terms of creating the best meritocracy, ensuring that the best person gets chosen to do the job, do you think having DEI is better or worse for that? I think having DEI is better for that because we are making sure to take the time to look at people that might be overlooked based on the system that we have right now.","en"
"7499064225868827934","Charlie Kirk fact checks college kids on DEI pilots. #fyp #viral #trending #dei #charliekirk #pilot ","2025-04-30T11:20:08.000Z",3144,2239,134200,1291,745," So Trump says he's going to have rescind funds from public universities if they have DEI practices. But I'm going to tell you what DEI practices actually are in how absurd it would be that anybody would be against them. First of all, DEI is not a preference program. All it is is a program to make sure that everybody of similar skill sets has a chance to succeed. So this includes guidance counselors in socio-economically depressed areas. It includes cities but it also includes rural areas. This is to help kids plan their future after high school. That's one of the things. This also includes economic development programs that some universities do in local areas around them to help build them up and help people have a better future. It's also understandings of various religions so that we could all get along better. This seemed kind of like a big deal right now. The majority of it is scholarships so that under-prolvitch kids can go to universities. Again, not a preference. This is for anybody who can't afford it or is from a background where their families and things haven't been able to go to school. So to reiterate, those are just sprinkling of certain things that Trump wants to cut up apparently. DEI is not a preference program. DEI works for everybody including to spell it out crystal clear for you. Many people as well.","en"
"7550215427079720200","Kanino ba talaga si Spiderman? #marvel #sony #disney #toycollector ","2025-09-15T07:32:03.000Z",9684,788,214300,1137,299," Hi, my name is Caitlin and I'm going to go over DEI since a lot of you seem to not understand what it is and how it's going to be affecting everyone the changes that are taking place under a Donald Trump's leadership as president. What is DEI? DEI typically focuses on ensuring workplace diversity which means representing different backgrounds and identities equitable which means fair opportunities and treatment for everyone and inclusive which means creating an environment where everyone feels valued and respected. I feel like those are pretty basics to have in the workplace everyone wants to feel valued and respected by their employer and their co-workers Okay, what does DEI do in the workplace? It basically covers four different main categories so hiring and retention that means basically just practicing to ensure diversity in the hiring process equitable policies to prevent discrimination bias. This is mostly for a lot of like the predominantly white like straight like super conservative companies that might not have an inclusive work place that's as inviting to people of other backgrounds. Inclusive workplace culture and that's just to help support employee well-being and then training and education which is to promote awareness and allyship for people different backgrounds. Who is affected in DEI? This is really what got me because I didn't realize so many people didn't realize that they were personally affected by DEI women if you're a woman and you voted for Trump good luck sister because work and finding a job is going to be a lot harder now that they're rolling back to EI. You think it it only affects the guys? No no no no no so it affects women people of color anyone in the LGBTQ plus community people with disabilities I'm not talking just physical disabilities I'm talking mental disabilities I'm talking mental health if you struggle with mental health anxiety depression ADHD any of that that also falls under disabilities so you're included in that. Religious minorities if you're not Christian you're included in DEI neurodivergent individuals you're included in DEI well-income individuals you're included in DEI Prigna people you're included in DEI formerly incarcerated individuals you're included in DEI the elderly some of the old people out here voting for Trump like they're not gonna get affected by DEI too if you get fired from your job good luck finding a new one a lot of employers don't typically want to hire the older person because they realize they're going to want to retire sooner than say a 30 year old person So that's why we have laws in place to prevent age discrimination That individual says in this only affects people and Michigan in New York because Michigan in New York has specific laws to help prevent fat phobia in the workplace but that's definitely gotten rolled back there's a lot of different groups that real and can we talk about the fact that the the head of rolling back DEI is a DEI higher so you are in a wheelchair you're the reason you can access the White House literally if DEI wasn't a thing you think there'd be like wheelchair access probably not guys please take some time to educate yourself I can provide my sources I can go more in depth but this video has been four minutes already so I hope this helped you get a little more of a grasp on what DEI is and how it affects people because it affects most people especially these days most people deal with mental health struggles at some capacity and if you've ever had to take a mental health day off of work see ya you won't be having those days anymore unless you work at a company that specifically supports DEI so please everyone go advocate for DEI it is good thing and not about thing it's not taking away jobs from people it's just giving more people opportunities to have it's giving more people the chance to have the same opportunity it's evening the playing field the best metaphor I ever saw for understanding equity in the workplace was there's four people one's in a wheelchair one's really short one's kind of short and one's tall they're all trying to watch a baseball game over the fence the person in the wheelchair needs a ramp the tall person doesn't need anything because they can already see over the fence the medium height person needs maybe one little block to see over the fence the short person needs three blocks to see over the fence needs a little separate that's equity that's what DEI does in the workplace it makes it so everyone has an equal opportunity to make the same advances and to get hired in the first place so if there's three people with the same credentials and you're at an all-white workplace they might go with the minority to help diversify that's a good thing that's giving more opportunities to people that have faced it for a city for so long we're making it equitable it's not about equal because nothing's equal in life people need to stop saying I want equal each or equal to an equal treatment you think life's equal no equitable equitable treatment in the workplace that means it's fair thank you","en"
"7248995194887081258","#dayinthelifeofdei #dei #diversityequityandinclusion #whatdoyoudoforaliving ","2023-06-26T14:04:08.000Z",237,8,49700,68,45," I am so happy we finally got rid of DEI. Even though a DEI doesn't stand for a diverse equity and truth, it's basically new ways to discriminate. No, DEI's to prevent discrimination. How can DEI be preventing discrimination if it's making white men be exquisite? It's helping everybody else but, THAAA! We do understand that 73% of white men own CEO positions. 72% of white men own senior positions in the Fortune 500 gun. Okay, that's them, but I still work at Pizza Hut. You see here in the Fendi, I went as bad for the country. Because where's the discrimination you're talking about? I understand that rich white people rule these sectors, but what about the poor white? Every day white managers. Well 40% of white men own leadership positions in general in the mirror. What I'm saying is like why don't we just hire people based off of what they can do rather than what they look like? Isn't that because that's not what DEI is. DEI is hiring someone for what they're a born-ass rather than the country. No, DEI is to hire qualified individuals that normally would be overlooked because of what they were born-ass. What? Then why was DEI explaining me is the exact opposite? How do you have a different definition? Because a billionaire lied to you and told you it was a race war when it's a class war. Class war, what reason would a billionaire have to lie to you? Black is just trying to keep me confused, angry in the back of the country. Because if a billionaire can keep you distracted long enough to pick your pockets, you're going to be too mad at the next guy that's also broke with you to realize who's actually scamming you with all the time. No, no, no scamming me is Mexico anyway. It's not fair that Black people get DEI will lie to you. Black people make up for 4% of DEI hires. Wait, 4% that's not what they told. Yes, and the white women are the top recipients of DEI. White women are the number one recipients. How come no one ever talks about it? No one talks about Black people when they imagine DEI. What if they get me so soon from that? Because you've been spoiled. You understand that since the DEI has been dismantled, all these rich billionaires are hiring their families, their family friends, not what you're implying that. This is a sampling DEI only benefits rich people. People are people related to REF EBA. I thought DEI was the reason where to buy that. No, because the definition of DEI that billionaires lied and gave to you is the DEI that they're actually using, which is just nepotist. Listen depict complex. Most students leftover in the movie have become screen-off software.","en"
"7565633040303574286","The core issue? Trust. If conservatives could be trusted, there'd be no need for affirmative action or voting rights acts. #Politics #GovernmentShutdown #DEI #AffirmativeAction #VotingRights","2025-10-26T20:40:39.000Z",1,0,27,0,0," Hello, I'm gonna show you why the double-spayered letters the eye are not responsible for playing crashes. Reason number one, in health, the letters de-e-i-stand4 demonic evil indoctrination holically, we live on Earth, where they actually stand for diversity and inclusion. So that's not evil, it's nice. Reason number two, who is it even nice for? It's nice for all of these people. Reason number three, the eye is not a firm enough action. Now, I'm gonna add some water before I give you this whole juice. This one means that me and you talk about what's hard and then together, we work through it. That one means that you tell me what's hard and then I work on it for you. DEI efforts help qualified individuals manage their shit and get stuff done. As an autistic therapist who's worked on DEI initiatives with Amazon and YouTube, I can tell you it's really not that complicated. I have about some problems throughout a few solutions. And then we all go home. That's what DEI is.","en"
"7565519779751120141","Walmart rolls back their DEI policy!  #breakingnews #news #dei #diversity #walmart      october26.2025       


","2025-10-26T13:21:28.000Z",5,0,311,0,3," It's called DEI. Yeah, I know. What does that stand for? Why do you ask me that? Because I don't think you know. You don't think I know a DEI. I don't think you know. OK, and why do I want to put you in the spot here with only 36 left to show? OK, but I don't think you know. No, no, no, no. But why do I have to prove to you what I know? Because I'm making a point. So here we go again to the patronizing white guys. I'm not patronizing just fine. I know a DEI stands for. OK, and I do too. OK. But what? Which of the three letters are you most offended by? Is it a competitor or a Hundee or a inclusion or a revolvingver? You're like equity? You're like equity? Do you like inclusion? Inclusionism or was it the one opposite?","en"
"7565586618493570359","#dei","2025-10-26T17:40:37.000Z",147,0,1585,1,7," Well, let's talk about DEI and practice. Let's talk about DEI programs in the workforce. Because DEI programs in the workforce happen to benefit veterans. They benefit people with disabilities. They benefit people at an economic desperate. They benefit lots of people that is not just on the basis of race. And to me, it feels like you're conflating DEI with pro-blackness or black only. So let's not the definition of DEI. So let's take a high profile DEI example. Is that cool? Just maybe one we can play around with, which I got me in a lot of viral trouble, which I don't care, which is pilots. I got in a lot of viral trouble too. Is it beating the sky? I know. And you kept interrupting you. You did. I know, right? Which is this, which is that let's say DEI. A project of DEI at United Airlines was that we want to get 40% of our pilots to be black or women or people of color. 40%. A 50. I'm sorry. I got up to 50. It was at like 6%. So therefore, they wanted to make a push towards that. And it was currently at 6%. We look at that and we say, wow, you're going to have the lower standards to get to that goal. Why would you have to lower standards? Are you saying that black people are in the United States? I'm saying the opposite. I'm saying that a black people are only 13% of the population. So you want 13% of population? Women are not 13% of the population. Women are 50% of the population. Yeah, but women do not make up a majority of people that want to become pilots. In fact, the vast majority of women don't want to be pilots. Maybe they would want to become pilots at the barriers for entry. Well, see that now we're going down a different but equally fun direction, which is male female differences. Men much more likely want to be involved in heavy machinery mechanics. They want to be pilots. They want to be tank operators. They want to be police officers. Whereas women much more likely want to be, you know, I'll get to you, Mason. Don't worry. And I remember your name. Yes. Mason, go. They won't let him go. I'll let you go. I'll let Mason go. But just Mason had some patience. We did this last time. OK. So, but do you understand at least from our perspective? Because it's no good for us to go back and forth again. Maybe from my our perspective that we worry that the pursuit of diversity can mean the compromising of excellence. Charlie Kirk, this country is diverse. You can't just say the pursuit of diversity is compromising excellence. Diversity literally just means difference. This country is 13% black. It's 14% immigrant. It's one fifth of every person in this country is Hispanic. It's 7% homosexual and 50% of the country disagrees with you. Diversity is America. You cannot say all of that is true. Get you our America first. If you do not care about half of America. I care about them so much. In fact, you care about them so much that you don't want to give them. I didn't interrupt you. Access. I care about them. You equal rights. Well, I'm no one said right. So about a second. I know. I care about that. It's equal rights. I am a loop in it. Yes. Let me finish. Now who's interrupting? I care about them so much. I want the only thing that they're ever judged on is to be their character or their competency not their skin. Okay. So you wanted to be a meritocracy. Yes.","en"
